{
    "blackie.c3-soft.com": {
        "t": "62001",
        "s": "62002"
    },
    "tbch4.loping.net": {
        "t": "62001",
        "s": "62002"
    },
    "5dfr3ossuq3kxyc4zsgwqarh37yzlp7b6jc2j7h2gjq6jp7d7zg6fnid.onion": {
        "s": "62002",
        "t": "62001",
        "display": "tbch4.loping.net"
    },
    "electroncash.de": {
        "t": "54003",
        "s": "54004"
    },
    "jktsologn7uprtwn7gsgmwuddj6rxsqmwc2vaug7jwcwzm2bxqnfpwad.onion": {
        "s": "54004",
        "t": "54003",
        "display": "electroncash.de"
    }
}

