{
    "BitPay": [
        "AED",
        "AFN",
        "ALL",
        "AMD",
        "ANG",
        "AOA",
        "ARS",
        "AUD",
        "AWG",
        "AZN",
        "BAM",
        "BBD",
        "BCH",
        "BDT",
        "BGN",
        "BHD",
        "BIF",
        "BMD",
        "BND",
        "BOB",
        "BRL",
        "BSD",
        "BTC",
        "BTN",
        "BWP",
        "BZD",
        "CAD",
        "CDF",
        "CHF",
        "CLF",
        "CLP",
        "CNY",
        "COP",
        "CRC",
        "CUP",
        "CVE",
        "CZK",
        "DJF",
        "DKK",
        "DOP",
        "DZD",
        "EGP",
        "ETB",
        "EUR",
        "FJD",
        "FKP",
        "GBP",
        "GEL",
        "GHS",
        "GIP",
        "GMD",
        "GNF",
        "GTQ",
        "GYD",
        "HKD",
        "HNL",
        "HRK",
        "HTG",
        "HUF",
        "IDR",
        "ILS",
        "INR",
        "IQD",
        "IRR",
        "ISK",
        "JEP",
        "JMD",
        "JOD",
        "JPY",
        "KES",
        "KGS",
        "KHR",
        "KMF",
        "KPW",
        "KRW",
        "KWD",
        "KYD",
        "KZT",
        "LAK",
        "LBP",
        "LKR",
        "LRD",
        "LSL",
        "LYD",
        "MAD",
        "MDL",
        "MGA",
        "MKD",
        "MMK",
        "MNT",
        "MOP",
        "MRU",
        "MUR",
        "MVR",
        "MWK",
        "MXN",
        "MYR",
        "MZN",
        "NAD",
        "NGN",
        "NIO",
        "NOK",
        "NPR",
        "NZD",
        "OMR",
        "PAB",
        "PEN",
        "PGK",
        "PHP",
        "PKR",
        "PLN",
        "PYG",
        "QAR",
        "RON",
        "RSD",
        "RUB",
        "RWF",
        "SAR",
        "SBD",
        "SCR",
        "SDG",
        "SEK",
        "SGD",
        "SHP",
        "SLL",
        "SOS",
        "SRD",
        "STN",
        "SVC",
        "SYP",
        "SZL",
        "THB",
        "TJS",
        "TMT",
        "TND",
        "TOP",
        "TRY",
        "TTD",
        "TWD",
        "TZS",
        "UAH",
        "UGX",
        "USD",
        "UYU",
        "UZS",
        "VEF",
        "VND",
        "VUV",
        "WST",
        "XAF",
        "XAG",
        "XAU",
        "XCD",
        "XOF",
        "XPF",
        "YER",
        "ZAR",
        "ZMW",
        "ZWL"
    ],
    "BitStamp": [
        "BTC",
        "EUR",
        "USD"
    ],
    "BitcoinAverage": [
        "AED",
        "AFN",
        "ALL",
        "AMD",
        "ANG",
        "AOA",
        "ARS",
        "AUD",
        "AWG",
        "AZN",
        "BAM",
        "BBD",
        "BDT",
        "BGN",
        "BHD",
        "BIF",
        "BMD",
        "BND",
        "BOB",
        "BRL",
        "BSD",
        "BTN",
        "BWP",
        "BYN",
        "BZD",
        "CAD",
        "CDF",
        "CHF",
        "CLF",
        "CLP",
        "CNH",
        "CNY",
        "COP",
        "CRC",
        "CUC",
        "CUP",
        "CVE",
        "CZK",
        "DJF",
        "DKK",
        "DOP",
        "DZD",
        "EGP",
        "ERN",
        "ETB",
        "EUR",
        "FJD",
        "FKP",
        "GBP",
        "GEL",
        "GGP",
        "GHS",
        "GIP",
        "GMD",
        "GNF",
        "GTQ",
        "GYD",
        "HKD",
        "HNL",
        "HRK",
        "HTG",
        "HUF",
        "IDR",
        "ILS",
        "IMP",
        "INR",
        "IQD",
        "IRR",
        "ISK",
        "JEP",
        "JMD",
        "JOD",
        "JPY",
        "KES",
        "KGS",
        "KHR",
        "KMF",
        "KPW",
        "KRW",
        "KWD",
        "KYD",
        "KZT",
        "LAK",
        "LBP",
        "LKR",
        "LRD",
        "LSL",
        "LYD",
        "MAD",
        "MDL",
        "MGA",
        "MKD",
        "MMK",
        "MNT",
        "MOP",
        "MRO",
        "MUR",
        "MVR",
        "MWK",
        "MXN",
        "MYR",
        "MZN",
        "NAD",
        "NGN",
        "NIO",
        "NOK",
        "NPR",
        "NZD",
        "OMR",
        "PAB",
        "PEN",
        "PGK",
        "PHP",
        "PKR",
        "PLN",
        "PYG",
        "QAR",
        "RON",
        "RSD",
        "RUB",
        "RWF",
        "SAR",
        "SBD",
        "SCR",
        "SDG",
        "SEK",
        "SGD",
        "SHP",
        "SLL",
        "SOS",
        "SRD",
        "SSP",
        "STD",
        "SVC",
        "SYP",
        "SZL",
        "THB",
        "TJS",
        "TMT",
        "TND",
        "TOP",
        "TRY",
        "TTD",
        "TWD",
        "TZS",
        "UAH",
        "UGX",
        "USD",
        "UYU",
        "UZS",
        "VEF",
        "VND",
        "VUV",
        "WST",
        "XAF",
        "XAG",
        "XAU",
        "XCD",
        "XDR",
        "XOF",
        "XPD",
        "XPF",
        "XPT",
        "YER",
        "ZAR",
        "ZMW",
        "ZWL"
    ],
    "Bitso": [
        "BTC"
    ],
    "Coinbase": [
        "AED",
        "AFN",
        "ALL",
        "AMD",
        "ANG",
        "AOA",
        "ARS",
        "AUD",
        "AWG",
        "AZN",
        "BAM",
        "BBD",
        "BDT",
        "BGN",
        "BHD",
        "BIF",
        "BMD",
        "BND",
        "BOB",
        "BRL",
        "BSD",
        "BTC",
        "BTN",
        "BWP",
        "BYN",
        "BYR",
        "BZD",
        "CAD",
        "CDF",
        "CHF",
        "CLF",
        "CLP",
        "CNH",
        "CNY",
        "COP",
        "CRC",
        "CUC",
        "CVE",
        "CZK",
        "DJF",
        "DKK",
        "DOP",
        "DZD",
        "EEK",
        "EGP",
        "ERN",
        "ETB",
        "EUR",
        "FJD",
        "FKP",
        "GBP",
        "GEL",
        "GGP",
        "GHS",
        "GIP",
        "GMD",
        "GNF",
        "GTQ",
        "GYD",
        "HKD",
        "HNL",
        "HRK",
        "HTG",
        "HUF",
        "IDR",
        "ILS",
        "IMP",
        "INR",
        "IQD",
        "ISK",
        "JEP",
        "JMD",
        "JOD",
        "JPY",
        "KES",
        "KGS",
        "KHR",
        "KMF",
        "KRW",
        "KWD",
        "KYD",
        "KZT",
        "LAK",
        "LBP",
        "LKR",
        "LRD",
        "LSL",
        "LTL",
        "LVL",
        "LYD",
        "MAD",
        "MDL",
        "MGA",
        "MKD",
        "MMK",
        "MNT",
        "MOP",
        "MRO",
        "MTL",
        "MUR",
        "MVR",
        "MWK",
        "MXN",
        "MYR",
        "MZN",
        "NAD",
        "NGN",
        "NIO",
        "NOK",
        "NPR",
        "NZD",
        "OMR",
        "PAB",
        "PEN",
        "PGK",
        "PHP",
        "PKR",
        "PLN",
        "PYG",
        "QAR",
        "RON",
        "RSD",
        "RUB",
        "RWF",
        "SAR",
        "SBD",
        "SCR",
        "SEK",
        "SGD",
        "SHP",
        "SLL",
        "SOS",
        "SRD",
        "SSP",
        "STD",
        "SVC",
        "SZL",
        "THB",
        "TJS",
        "TMT",
        "TND",
        "TOP",
        "TRY",
        "TTD",
        "TWD",
        "TZS",
        "UAH",
        "UGX",
        "USD",
        "UYU",
        "UZS",
        "VEF",
        "VND",
        "VUV",
        "WST",
        "XAF",
        "XAG",
        "XAU",
        "XCD",
        "XDR",
        "XOF",
        "XPD",
        "XPF",
        "XPT",
        "YER",
        "ZAR",
        "ZMK",
        "ZMW",
        "ZWL"
    ],
    "Kraken": [
        "EUR",
        "USD"
    ],
    "CoinCap": [
        "USD"
    ],
    "CoinGecko": [
	"AED",
	"ARS",
	"AUD",
	"BTD",
	"BHD",
	"BMD",
	"BRL",
	"BTC",
	"CAD",
	"CHF",
	"CLP",
	"CNY",
	"CZK",
	"DKK",
	"ETH",
	"EUR",
	"GBP",
	"HKD",
	"HUF",
	"IDR",
	"ILS",
	"INR",
	"JPY",
	"KRW",
	"KWD",
	"LKR",
	"LTC",
	"MMK",
	"MXH",
	"MYR",
	"NOK",
	"NZD",
	"PHP",
	"PKR",
	"PLN",
	"RUB",
	"SAR",
	"SEK",
	"SGD",
	"THB",
	"TRY",
	"TWD",
	"USD",
	"VEF",
	"VND",
	"XAG",
	"XAU",
	"XDR",
	"ZAR"
    ],
    "BitstampYadio": [
    "ARS"
    ],
     "YahooFinance": [
    "AUD",
    "CAD",
    "CNY",
    "EUR",
    "GBP",
    "INR",
    "KRW",
    "JPY",
    "RUB",
    "USD"
    ]
}
