{
    "bch.crypto.mldlabs.com": {
        "pruning": "-",
        "s": "50002",
        "t": "50001",
        "version": "1.4.2"
    },
    "bch.imaginary.cash": {
        "pruning": "-",
        "s": "50002",
        "t": "50001",
        "version": "1.4.1"
    },
    "bch0.kister.net": {
        "pruning": "-",
        "s": "50002",
        "t": "50001",
        "version": "1.4.1"
    },
    "bch.loping.net": {
        "pruning": "-",
        "s": "50002",
        "t": "50001",
        "version": "1.4.1"
    },
    "j2tjfxntnsqpojaamnndgmfrc6lh3thattnlpc2xx53h2ojoi7agccid.onion": {
        "pruning": "-",
        "s": "50002",
        "t": "50001",
        "version": "1.4.1",
        "display": "bch.loping.net"
    },
    "bch.soul-dev.com": {
        "pruning": "-",
        "s": "50002",
        "version": "1.4.1"
    },
    "blackie.c3-soft.com": {
        "pruning": "-",
        "s": "50002",
        "t": "50001",
        "version": "1.4.1"
    },
    "electron.jochen-hoenicke.de": {
        "pruning": "-",
        "s": "51002",
        "t": "51001",
        "version": "1.4.1"
    },
    "electroncash.dk": {
        "pruning": "-",
        "s": "50002",
        "t": "50001",
        "version": "1.4.2"
    },
    "bch2.electroncash.dk": {
        "pruning": "-",
        "s": "50002",
        "t": "50001",
        "version": "1.4.3"
    },
    "electrum.imaginary.cash": {
        "pruning": "-",
        "s": "50002",
        "t": "50001",
        "version": "1.4.3"
    },
    "kisternet5tgeekwidrj7r7yd3n2l5j7y72b74y6xu3q2b6xdjrte6id.onion": {
        "pruning": "-",
        "t": "50001",
        "version": "1.4.1"
    },
    "jh3jgcrwweh6yvmprtjnp72u2hqn34nlftlg3msrr4vmlapft4yvt2id.onion": {
        "pruning": "-",
        "s": "50002",
        "t": "50001",
        "version": "1.4"
    },
    "electroncash.de": {
        "pruning": "-",
        "s": "50002",
        "t": "50001",
        "version": "1.4"
    },
    "electrs.electroncash.de": {
        "pruning": "-",
        "s": "40002",
        "version": "1.4"
    },
    "jktsologn7uprtwn7gsgmwuddj6rxsqmwc2vaug7jwcwzm2bxqnfpwad.onion": {
        "pruning": "-",
        "s": "50002",
        "t": "50001",
        "version": "1.4",
        "display": "electroncash.de"
    },
    "electrs.bitcoinunlimited.info": {
        "pruning": "-",
        "s": "50002",
        "version": "1.4"
    },
    "bch.cyberbits.eu": {
        "pruning": "-",
        "s": "50002",
        "version": "1.4.2"
    },
    "bitcoincash.network": {
        "pruning": "-",
        "s": "50002",
        "version": "1.4.1"
    },
    "electrum.bitcoinverde.org": {
        "pruning": "-",
        "s": "50002",
        "t": "50001",
        "version": "1.4.4"
    },
    "cashnode.bch.ninja": {
        "pruning": "-",
        "s": "50002",
        "t": "50001",
        "version": "1.5.1"
    },
    "fulcrum.criptolayer.net": {
        "pruning": "-",
        "s": "50002",
        "t": "50001",
        "version": "1.5.0"
    },
    "fulcrum.jettscythe.xyz": {
        "pruning": "-",
        "s": "50002",
        "version": "1.5.0"
    },
    "fulcrum.aglauck.com": {
        "pruning": "-",
        "s": "50002",
        "version": "1.5.0"
    },
      "node.minisatoshi.cash": {
        "pruning": "-",
        "s": "50002",
        "version": "1.5.3"
    }
}
